{"last_download_success": 1663396874.418332, "last_download_failure": 1663396875.6015606}